title,price
Star Wars: Episode III - Revenge of the Sith,5500
Harry Potter and the Goblet of Fire,4500
"The Chronicles of Narnia: The Lion, the Witc",5500
Pirates of the Caribbean: Dead Man's Chest,5500
Spider-Man 3,
Shrek the Third,
Pirates of the Caribbean: At World's End,5500
Transformers,5000
Harry Potter and the Order of the Phoenix,4500
I Am Legend,4500
Iron Man,5500
Indiana Jones and the Kingdom of the Crystal,5000
The Dark Knight,4500
Star Trek,
Up,7200
The Hangover,4500
Transformers: Revenge of the Fallen,5000
Harry Potter and the Half-Blood Prince,4500
The Blind Side,4500
The Twilight Saga: New Moon,4000
Avatar,4000
Iron Man 2,5500
Toy Story 3,7200
The Twilight Saga: Eclipse,4000
Despicable Me,4500
Inception,4500
The Hangover Part II,4500
Transformers: Dark of the Moon,5000
The Hunger Games,
The Amazing Spider-Man,
The Dark Knight Rises,4500
Skyfall,
The Hobbit: An Unexpected Journey,4500
Man of Steel,4500
Monsters University,7200
Despicable Me 2,4500
Gravity,4500
The Hunger Games: Catching Fire,
Frozen,7200
The Hobbit: The Desolation of Smaug,4500
Captain America: The Winter Soldier,5500
Guardians of the Galaxy,5500
The Hunger Games: Mockingjay - Part 1,1200
The Hobbit: The Battle of the Five Armies,
American Sniper,4500
The SpongeBob Movie: Sponge Out of Water,5000
Fifty Shades of Grey,4500
Avengers: Age of Ultron,5500
Mad Max: Fury Road,4500
Pitch Perfect 2,4500
San Andreas,4500
Spy,4500
Jurassic World,4500
Inside Out,7200
Minions,4500
Ant-Man,5500
Trainwreck,4500
Mission: Impossible - Rogue Nation,5000
Straight Outta Compton,4500
Hotel Transylvania 2,
The Martian,4500
Spectre,
The Peanuts Movie,5000
The Hunger Games: Mockingjay - Part 2,1000
The Good Dinosaur,
Daddy's Home,5000
The Revenant,4500
Deadpool,4500
Zootopia,5500
Batman v Superman: Dawn of Justice,4500
Captain America: Civil War,5500
X-Men: Apocalypse,4500
Finding Dory,7200
The Secret Life of Pets,4500
Star Trek Beyond,5000
Jason Bourne,4500
Suicide Squad,4500
Doctor Strange,5500
Trolls,4500
Moana,5500
Sing,4500
Hidden Figures,4500
Get Out,4500
The Fate of the Furious,4500
Guardians of the Galaxy Vol. 2,5500
Wonder Woman,4500
Despicable Me 3,4500
Spider-Man: Homecoming,
Dunkirk,4500
It,4500
Thor: Ragnarok,5500
Justice League,4500
Coco,7200
Jumanji: Welcome to the Jungle,4000
Black Panther,5500
A Quiet Place,5000
Avengers: Infinity War,7200
Deadpool 2,4500
Solo: A Star Wars Story,7200
Incredibles 2,7200
Jurassic World: Fallen Kingdom,4500
Ant-Man and the Wasp,7200
Mission: Impossible - Fallout,5000
Bohemian Rhapsody,4500
Ralph Breaks the Internet,7200
Aquaman,4500
